<?xml version="1.0"?>
	<addon scheme="2.0">
		<id>ecomcharge</id>
		<name>eComCharge bePaid</name>
		<copyright>eComCharge Ltd SIA</copyright>
		<authorEmail>techsupport@ecomcharge</authorEmail>
		<version>1.0.0</version>
		<description>Accept Visa, Mastercard and etc bank cards over eComCharge's hosted payment page</description>
		<priority>1</priority>
		<dependencies></dependencies>
		<queries>
			<item for="install">
        INSERT INTO `?:payment_processors` (`processor_id`, `processor`, `processor_script`, `processor_template`, `admin_template`, `callback`, `type`) VALUES 
        ('', 'eComCharge bePaid', 'ecomcharge.php', 'views/orders/components/payments/cc_outside.tpl', 'ecomcharge.tpl', 'N', 'P')
			</item>
			<item for="uninstall">DELETE FROM ?:payment_processors WHERE processor = 'eComCharge bePaid'</item>
		</queries>
	</addon>
